Workbook

Sheet counties
A1: COUNTY_CODE | B1: COUNTY
A2: 001 | B2: Mombasa
A3: 002 | B3: Kwale
A4: 003 | B4: Kilifi
A5: 004 | B5: Tana River
A6: 005 | B6: Lamu
A7: 006 | B7: Taita Taveta
A8: 007 | B8: Garissa
A9: 008 | B9: Wajir
A10: 009 | B10: Mandera
A11: 010 | B11: Marsabit
A12: 011 | B12: Isiolo
... A48: 047 | B48: Nairobi City
A49: =TEXT("048","000") -> 048 | B49: Diaspora
A50: =TEXT("049","000") -> 049 | B50: Prisons

Sheet Registered_Voters_by_Gender
A1: COUNTY_CODE | B1: COUNTY | C1: Male_Registered | D1: Female_Registered | E1: Total_Registered
A2: 001 | B2: Mombasa | C2: 353005 | D2: 288908 | E2: 641913
A3: 002 | B3: Kwale | C3: 159734 | D3: 168519 | E3: 328253
A4: 003 | B4: Kilifi | C4: 282019 | D4: 306583 | E4: 588602
A5: 004 | B5: Tana River | C5: 69878 | D5: 71218 | E5: 141096
A6: 005 | B6: Lamu | C6: 43936 | D6: 37517 | E6: 81453
A7: 006 | B7: Taita Taveta | C7: 95492 | D7: 86335 | E7: 181827
A8: 007 | B8: Garissa | C8: 107549 | D8: 93924 | E8: 201473
A9: 008 | B9: Wajir | C9: 109998 | D9: 97760 | E9: 207758
A10: 009 | B10: Mandera | C10: 111155 | D10: 105875 | E10: 217030
A11: 010 | B11: Marsabit | C11: 85118 | D11: 81794 | E11: 166912
A12: 011 | B12: Isiolo | C12: 45659 | D12: 43845 | E12: 89504
A13: 012 | B13: Meru | C13: 394751 | D13: 377388 | E13: 772139
... A48: 047 | B48: Nairobi City | C48: 1314649 | D48: 1100661 | E48: 2415310
A49: =TEXT("048","000") -> 048 | B49: Diaspora | C49: 6697 | D49: 3746 | E49: 10443
A50: =TEXT("049","000") -> 049 | B50: Prisons | C50: 7075 | D50: 408 | E50: 7483

Sheet REGISTERED_VOTERS_BY_AGE
A1: County_Code | B1: COUNTY | C1: YOUTH(18-34) | D1: Middle_Age(35-54) | E1: Old_Age(55 AND ABOVE) | F1: Total_Registered
A2: 001 | B2: Mombasa | C2: 280004 | D2: 285816 | E2: 76093 | F2: 641913
A3: 002 | B3: Kwale | C3: 124685 | D3: 134375 | E3: 69193 | F3: 328253
A4: 003 | B4: Kilifi | C4: 241019 | D4: 225230 | E4: 122353 | F4: 588602
A5: 004 | B5: Tana River | C5: 63045 | D5: 49307 | E5: 28744 | F5: 141096
A6: 005 | B6: Lamu | C6: 32984 | D6: 31638 | E6: 16831 | F6: 81453
A7: 006 | B7: Taita Taveta | C7: 66978 | D7: 70509 | E7: 44340 | F7: 181827
A8: 007 | B8: Garissa | C8: 99232 | D8: 70339 | E8: 31902 | F8: 201473
A9: 008 | B9: Wajir | C9: 106047 | D9: 65457 | E9: 36254 | F9: 207758
A10: 009 | B10: Mandera | C10: 118414 | D10: 64378 | E10: 34238 | F10: 217030
A11: 010 | B11: Marsabit | C11: 75151 | D11: 55998 | E11: 35763 | F11: 166912
A12: 011 | B12: Isiolo | C12: 36270 | D12: 33704 | E12: 19530 | F12: 89504
A13: 012 | B13: Meru | C13: 272835 | D13: 323754 | E13: 175550 | F13: 772139
... A50: 049 | B50: Prisons | C50: 2406 | D50: 4243 | E50: 834 | F50: 7483

Sheet presidential_vote_results
A1: County_Code | B1: COUNTY | C1: Raila Odinga | D1: William Ruto | E1: Spoilt/Rejected | F1: George Wajackoyah | G1: David Mwaure | H1: Total_Votes | I1: Total_Registered | J1: Turn_Out_Rate
A2: 001 | B2: Mombasa | C2: 160948 | D2: 113668 | E2: 3792 | F2: 2107 | G2: 483 | H2: =SUM(presidential_vote_results!$C2,presidential_vote_results!$D2,presidential_vote_results!$E2,presidential_vote_results!$F2,presidential_vote_results!$G2) -> 280998 | I2: 641913 | J2: =ROUND((H2/I2)*100,2) -> 43.78
A3: 002 | B3: Kwale | C3: 125617 | D3: 51908 | E3: 1008 | F3: 1137 | G3: 414 | H3: =SUM(presidential_vote_results!$C3,presidential_vote_results!$D3,presidential_vote_results!$E3,presidential_vote_results!$F3,presidential_vote_results!$G3) -> 180084 | I3: 328253 | J3: =ROUND((H3/I3)*100,2) -> 54.86
A4: 003 | B4: Kilifi | C4: 164850 | D4: 64341 | E4: 2495 | F4: 1897 | G4: 1104 | H4: =SUM(presidential_vote_results!$C4,presidential_vote_results!$D4,presidential_vote_results!$E4,presidential_vote_results!$F4,presidential_vote_results!$G4) -> 234687 | I4: 588602 | J4: =ROUND((H4/I4)*100,2) -> 39.87
A5: 004 | B5: Tana River | C5: 51432 | D5: 41526 | E5: 1070 | F5: 430 | G5: 198 | H5: =SUM(presidential_vote_results!$C5,presidential_vote_results!$D5,presidential_vote_results!$E5,presidential_vote_results!$F5,presidential_vote_results!$G5) -> 94656 | I5: 141096 | J5: =ROUND((H5/I5)*100,2) -> 67.09
A6: 005 | B6: Lamu | C6: 26162 | D6: 22876 | E6: 887 | F6: 848 | G6: 186 | H6: =SUM(presidential_vote_results!$C6,presidential_vote_results!$D6,presidential_vote_results!$E6,presidential_vote_results!$F6,presidential_vote_results!$G6) -> 50959 | I6: 81453 | J6: =ROUND((H6/I6)*100,2) -> 62.56
A7: 006 | B7: Taita Taveta | C7: 58319 | D7: 17009 | E7: 641 | F7: 567 | G7: 171 | H7: =SUM(presidential_vote_results!$C7,presidential_vote_results!$D7,presidential_vote_results!$E7,presidential_vote_results!$F7,presidential_vote_results!$G7) -> 76707 | I7: 181827 | J7: =ROUND((H7/I7)*100,2) -> 42.19
A8: 007 | B8: Garissa | C8: 75870 | D8: 19718 | E8: 526 | F8: 370 | G8: 58 | H8: =SUM(presidential_vote_results!$C8,presidential_vote_results!$D8,presidential_vote_results!$E8,presidential_vote_results!$F8,presidential_vote_results!$G8) -> 96542 | I8: 201473 | J8: =ROUND((H8/I8)*100,2) -> 47.92
A9: 008 | B9: Wajir | C9: 82825 | D9: 48438 | E9: 950 | F9: 617 | G9: 215 | H9: =SUM(presidential_vote_results!$C9,presidential_vote_results!$D9,presidential_vote_results!$E9,presidential_vote_results!$F9,presidential_vote_results!$G9) -> 133045 | I9: 207758 | J9: =ROUND((H9/I9)*100,2) -> 64.04
A10: 009 | B10: Mandera | C10: 106256 | D10: 28349 | E10: 760 | F10: 674 | G10: 261 | H10: =SUM(presidential_vote_results!$C10,presidential_vote_results!$D10,presidential_vote_results!$E10,presidential_vote_results!$F10,presidential_vote_results!$G10) -> 136300 | I10: 217030 | J10: =ROUND((H10/I10)*100,2) -> 62.8
A11: 010 | B11: Marsabit | C11: 55641 | D11: 58815 | E11: 474 | F11: 303 | G11: 144 | H11: =SUM(presidential_vote_results!$C11,presidential_vote_results!$D11,presidential_vote_results!$E11,presidential_vote_results!$F11,presidential_vote_results!$G11) -> 115377 | I11: 166912 | J11: =ROUND((H11/I11)*100,2) -> 69.12
A12: 011 | B12: Isiolo | C12: 26436 | D12: 32300 | E12: 535 | F12: 173 | G12: 52 | H12: =SUM(presidential_vote_results!$C12,presidential_vote_results!$D12,presidential_vote_results!$E12,presidential_vote_results!$F12,presidential_vote_results!$G12) -> 59496 | I12: 89504 | J12: =ROUND((H12/I12)*100,2) -> 66.47
A13: 012 | B13: Meru | C13: 79842 | D13: 369362 | E13: 4209 | F13: 2175 | G13: 1138 | H13: =SUM(presidential_vote_results!$C13,presidential_vote_results!$D13,presidential_vote_results!$E13,presidential_vote_results!$F13,presidential_vote_results!$G13) -> 456726 | I13: 772139 | J13: =ROUND((H13/I13)*100,2) -> 59.15
... A48: 047 | B48: Nairobi City | C48: 721211 | D48: 518596 | E48: 12027 | F48: 5518 | G48: 4307 | H48: =SUM(presidential_vote_results!$C48,presidential_vote_results!$D48,presidential_vote_results!$E48,presidential_vote_results!$F48,presidential_vote_results!$G48) -> 1261659 | I48: 2415310 | J48: =ROUND((H48/I48)*100,2) -> 52.24
A49: =TEXT("048","000") -> 048 | B49: Diaspora | C49: 3727 | D49: 2190 | E49: 44 | F49: 40 | G49: 31 | H49: =SUM(presidential_vote_results!$C49,presidential_vote_results!$D49,presidential_vote_results!$E49,presidential_vote_results!$F49,presidential_vote_results!$G49) -> 6032 | I49: 10443 | J49: =ROUND((H49/I49)*100,2) -> 57.76
A50: =TEXT("049","000") -> 049 | B50: Prisons | C50: N/A | D50: N/A | E50: N/A | F50: N/A | G50: N/A | H50: N/A | I50: 7483 | J50: =ROUND((H50/I50)*100,2) -> #VALUE!

Sheet Population_Per_County
A1: County_Code | B1: COUNTY | C1: Total_Male | D1: Total_Female | E1: Total_Intersex | F1: Total_Population
A2: 001 | B2: Mombasa | C2: 610257 | D2: 598046 | E2: 30 | F2: 1208333
A3: 002 | B3: Kwale | C3: 425121 | D3: 441681 | E3: 18 | F3: 866820
A4: 003 | B4: Kilifi | C4: 704089 | D4: 749673 | E4: 25 | F4: 1453787
A5: 004 | B5: Tana River | C5: 158550 | D5: 157391 | E5: 2 | F5: 315943
A6: 005 | B6: Lamu | C6: 76103 | D6: 67813 | E6: 4 | F6: 143920
A7: 006 | B7: Taita Taveta | C7: 173337 | D7: 167327 | E7: 7 | F7: 340671
A8: 007 | B8: Garissa | C8: 458975 | D8: 382344 | E8: 34 | F8: 841353
A9: 008 | B9: Wajir | C9: 415374 | D9: 365840 | E9: 49 | F9: 781263
A10: 009 | B10: Mandera | C10: 434976 | D10: 432444 | E10: 37 | F10: 867457
A11: 010 | B11: Marsabit | C11: 243548 | D11: 216219 | E11: 18 | F11: 459785
A12: 011 | B12: Isiolo | C12: 139510 | D12: 128483 | E12: 9 | F12: 268002
A13: 012 | B13: Meru | C13: 767698 | D13: 777975 | E13: 41 | F13: 1545714
... A48: 047 | B48: Nairobi City | C48: 2192452 | D48: 2204376 | E48: 245 | F48: 4397073
A49: =TEXT("048","000") -> 048 | B49: Diaspora
A50: =TEXT("049","000") -> 049 | B50: Prisons | C50: 57846 | D50: 2894 | E50: N/A | F50: 60740
